{
  "subset": "challenge",
  "split": "test",
  "n_examples": 1172,
  "choice_count_distribution": {
    "4": 1165,
    "3": 4,
    "5": 3
  },
  "random": {
    "analytic_accuracy": 0.25015642775881686,
    "empirical_accuracy_mean": 0.2502141638225256,
    "empirical_accuracy_std": 0.012712394285187473,
    "trials": 1000
  },
  "majority_position": {
    "majority_position": 1,
    "train_frequency": 0.2645218945487042,
    "accuracy": 0.26535836177474403
  }
}