{
  "run_name": "bert-base-uncased_combined_lr3e-05_e3_s42",
  "config": {
    "model_name": "bert-base-uncased",
    "subset": "combined",
    "lr": 3e-05,
    "epochs": 3,
    "batch_size": 8,
    "grad_accum": 2,
    "effective_batch_size": 16,
    "max_length": 128,
    "weight_decay": 0.01,
    "warmup_ratio": 0.1,
    "seed": 42,
    "fp16": false,
    "device": "mps"
  },
  "n_train": 3370,
  "n_dev": 869,
  "dev_accs": [
    0.26582,
    0.26697,
    0.26928
  ],
  "best_dev_acc": 0.26927502876869963,
  "loss_curve": [
    1.40218,
    1.37208,
    1.38627,
    1.34551,
    1.33714,
    1.31554,
    1.322,
    1.28915,
    1.27964,
    1.27925,
    1.30297,
    1.10423,
    1.04479,
    1.04785,
    1.06493,
    1.07091,
    1.00291,
    1.10246,
    1.02535,
    1.08294,
    1.05882,
    0.99173,
    0.78416,
    0.7585,
    0.73902,
    0.70639,
    0.72577,
    0.69972,
    0.79704,
    0.73241,
    0.69134,
    0.79741,
    0.59957
  ],
  "wall_time_s": 526.8
}