{
  "run_name": "bert-base-uncased_challenge_lr3e-05_e3_s42",
  "config": {
    "model_name": "bert-base-uncased",
    "subset": "challenge",
    "lr": 3e-05,
    "epochs": 3,
    "batch_size": 8,
    "grad_accum": 2,
    "effective_batch_size": 16,
    "max_length": 128,
    "weight_decay": 0.01,
    "warmup_ratio": 0.1,
    "seed": 42,
    "fp16": false,
    "device": "mps"
  },
  "n_train": 1119,
  "n_dev": 299,
  "dev_accs": [
    0.29431,
    0.25418,
    0.27425
  ],
  "best_dev_acc": 0.29431438127090304,
  "loss_curve": [
    1.3753,
    1.39291,
    1.39589,
    1.38196,
    1.37406,
    1.377,
    1.3702,
    1.35056,
    1.30107,
    1.26884,
    1.27203,
    1.21382
  ],
  "wall_time_s": 234.4
}